CountyCode,CountyName,DistrictCode,DistrictName,SchoolCode,SchoolName,GradeSpan,ADDRESS,CITY_STATE_ZIP,PHONE,ENROLLMENT,ASIAN_PERCENT,ELA_PROFICIENCY,MATH_PROFICIENCY
3,Bergen,40,Allendale Public School District,10,Brookside School,04-08,100 Brookside Avenue,Allendale NJ 07401,201-327-2020,523,17.4,86.7,82.2
3,Bergen,40,Allendale Public School District,20,Hillside Elementary School,PK-03,89 Hillsdale Avenue,Allendale NJ 07401,201-327-2020,375,13.9,67.7,78.5
3,Bergen,80,Alpine Public School District,10,Alpine Elementary School,KG-08,500 Hillside Avenue,Alpine NJ 07620,201-768-8255,165,24.8,87.5,84.1
80,Bergen,6013,Bergen Arts and Science Charter School,900,Bergen Arts and Sciences Charter School,KG-12,200 Macarthur Avenue,Garfield NJ 07026,201-773-9140,1266,7.4,55.6,39.6
3,Bergen,285,Bergen County Special Services School District,100,Autistic Continuum,PK-12,540 Farview Avenue,Paramus NJ 07652,201-343-6000,212,10.4,,
3,Bergen,285,Bergen County Special Services School District,50,Behavioral Continuum,PK-12,540 Farview Avenue,Paramus NJ 07652-4832,201-343-6000,138,2.2,,
3,Bergen,285,Bergen County Special Services School District,30,Deaf and Hard of Hearing Continuum,PK-12,540 Farview Avenue,Paramus NJ 07652,201-343-6000,141,9.2,,
3,Bergen,285,Bergen County Special Services School District,70,Life Skills Continuum,PK-12,540 Farview Avenue,Paramus NJ 07652-4832,201-343-6000,67,9.0,,
3,Bergen,285,Bergen County Special Services School District,40,Multiple Disabilities Continuum,PK-12,540 Farview Avenue,Paramus NJ 07652-1831,201-343-6000,61,8.2,,
3,Bergen,285,Bergen County Special Services School District,2,N. A. Bleshman Regional Day School,PK-12,333 East Ridgewood Avenue,Paramus NJ 07652,201-343-6000,103,10.7,,
3,Bergen,290,Bergen County Vocational Technical School District,300,Applied Technology High School,09-12,400 Paramus Road,Paramus NJ 07652,201-343-6000,319,19.4,94.8,81.9
3,Bergen,290,Bergen County Vocational Technical School District,20,Bergen County Academies,09-12,200 Hackensack Avenue,Hackensack NJ 07601-6110,201-343-6000,1115,56.3,100.0,99.1
3,Bergen,290,Bergen County Vocational Technical School District,301,Bergen County Institute for Science and Technology,09-12,162 Knickerbocker Road,Demarest NJ 07627,201-343-6000,235,33.6,*,*
3,Bergen,290,Bergen County Vocational Technical School District,30,Bergen County Technical High School - Paramus,09-12,E.285 Pascack Road,Paramus NJ 07652-4237,201-343-6000,272,0.7,,
3,Bergen,290,Bergen County Vocational Technical School District,75,Bergen County Technical High School - Paramus,09-12,E.285 Pascack Road,Paramus NJ 07652-4237,201-343-6000,157,4.1,,
3,Bergen,290,Bergen County Vocational Technical School District,70,Bergen County Technical High School - Teterboro,09-12,504 Route 46 West,Teterboro NJ 07608,201-343-6000,673,37.5,98.3,93.9
3,Bergen,300,Bergenfield Borough School District,20,Bergenfield High School,09-12,80 S Prospect Ave,Bergenfield NJ 07621-1958,201-385-8600,1261,24.5,72.2,32.3
3,Bergen,300,Bergenfield Borough School District,40,Franklin Elementary School,PK-05,2 N  Franklin Avenue,Bergenfield NJ 07621,201-385-8581,373,21.2,56.5,54.5
3,Bergen,300,Bergenfield Borough School District,50,Hoover Elementary School,PK-05,273 Murray Hill Terrace,Bergenfield NJ 07621,201-385-8582,280,20.4,51.2,53.2
3,Bergen,300,Bergenfield Borough School District,60,Jefferson Elementary School,KG-05,200 Hickory Avenue,Bergenfield NJ 07621,201-385-8804,292,25.0,52.6,47.0
3,Bergen,300,Bergenfield Borough School District,70,Lincoln Elementary School,PK-05,115 Highview Avenue,Bergenfield NJ 07621,201-385-8759,473,20.5,73.7,66.7
3,Bergen,300,Bergenfield Borough School District,75,Roy W. Brown Middle School,06-08,130 S Washington Ave,Bergenfield NJ 07621-2902,201-385-8847,798,20.7,63.2,44.1
3,Bergen,300,Bergenfield Borough School District,80,Washington Elementary School,KG-05,49 S  Summit Street,Bergenfield NJ 07621,201-385-8771,251,21.9,59.5,56.8
3,Bergen,440,Bogota Public School District,20,Bogota Jr./Sr. High School,08-12,2 Henry C  Luthin Place,Bogota NJ 07603,201-441-4808,467,6.6,61.7,31.8
3,Bergen,440,Bogota Public School District,300,Bogota Middle School,06-07,131 East Fort Lee Road,Bogota NJ 07603,201-441-4800,192,6.3,63.4,44.4
3,Bergen,440,Bogota Public School District,30,E. Roy Bixby,PK-05,25 Fischer Ave,Bogota NJ 07603,201-441-4834,311,5.5,46.3,39.3
3,Bergen,440,Bogota Public School District,50,Lillian M. Steen,PK-05,134 W. Main,Bogota NJ 07603,201-342-6446,343,8.7,61.3,44.5
3,Bergen,740,Carlstadt Public School District,50,Carlstadt Public School,PK-08,550 Washington Street,Carlstadt NJ 07072,201-672-3000,494,10.6,57.7,47.6
3,Bergen,745,Carlstadt-East Rutherford Regional High School District,50,Henry P. Becton Regional High School,09-12,120 Paterson Avenue,East Rutherford NJ 07073,201-935-3007,824,10.0,62.4,26.6
3,Bergen,890,Cliffside Park School District,30,Cliffside Park High School,09-12,64 Riverview Avenue,Cliffside Park NJ 07010,201-313-2370,1281,1.6,42.0,19.9
3,Bergen,890,Cliffside Park School District,50,School #3,KG-04,397 Palisade Avenue,Cliffside Park NJ 07010,201-313-2330,356,1.1,60.0,54.5
3,Bergen,890,Cliffside Park School District,60,School #4,KG-05,279 Columbia Avenue,Cliffside Park NJ 07010,201-313-2340,487,7.6,59.8,53.4
3,Bergen,890,Cliffside Park School District,70,School #5,PK-04,214 Day Ave,Cliffside Park NJ 07010,201-313-2350,310,3.9,69.5,54.1
3,Bergen,890,Cliffside Park School District,80,School #6/Middle School,05-08,440 Oakdene Ave,Cliffside Park NJ 07010,201-313-2360,686,4.2,57.3,30.1
3,Bergen,930,Closter Public School District,50,Hillside Elementary School,PK-04,340 Homans Avenue,Closter NJ 07624-2907,201-768-3860,629,42.0,72.9,69.2
3,Bergen,930,Closter Public School District,60,Tenakill Middle School,05-08,275 High Street,Closter NJ 07624-1809,201-768-1332,569,41.3,83.2,69.8
3,Bergen,990,Cresskill Public School District,40,Cresskill High School,09-12,1 Lincoln Drive,Cresskill NJ 07626,201-227-7791,479,28.4,80.2,50.0
3,Bergen,990,Cresskill Public School District,45,Cresskill Middle School,06-08,1 Lincoln Drive,Cresskill NJ 07626,201-227-7791,417,37.6,63.9,55.3
3,Bergen,990,Cresskill Public School District,50,Edward H. Bryan,PK-05,51 Brookside Ave,Cresskill NJ 07626,201-227-7791,562,38.4,76.3,79.6
3,Bergen,990,Cresskill Public School District,60,Merritt Memorial,01-05,1 Dogwood Lane,Cresskill NJ 07626,201-227-7791,279,33.7,74.1,69.8
3,Bergen,1070,Demarest School District,30,County Road School,PK-01,130 County Rd,Demarest NJ 07627-2431,201-768-6060,209,33.5,,
3,Bergen,1070,Demarest School District,40,Demarest Middle School,05-08,568 Piermont Rd,Demarest NJ 07627-1617,201-768-6060,352,33.0,79.5,74.9
3,Bergen,1070,Demarest School District,50,Luther Lee Emerson School,02-04,15 Columbus Road,Demarest NJ 07627,201-768-6060,232,39.2,76.8,77.1
3,Bergen,1130,Dumont Public School District,40,Dumont High School,09-12,101 New Milford Ave,Dumont NJ 07628-2913,201-387-3000,767,13.7,74.7,46.4
3,Bergen,1130,Dumont Public School District,50,Grant Elementary School,KG-05,100 Grant Ave,Dumont NJ 07628-1650,201-387-3050,458,17.2,67.0,66.5
3,Bergen,1130,Dumont Public School District,60,Honiss Elementary\Middle School,KG-08,31 Depew St,Dumont NJ 07628-3601,201-387-3020,623,15.9,62.7,55.8
3,Bergen,1130,Dumont Public School District,70,Lincoln Elementary School,KG-05,80 Prospect Ave,Dumont NJ 07628-2736,201-387-3040,174,17.8,64.9,52.6
3,Bergen,1130,Dumont Public School District,80,Selzer Elementary\Middle School,PK-08,435 Prospect Ave,Dumont NJ 07628-1417,201-387-3030,517,14.3,63.1,49.1
3,Bergen,1230,East Rutherford School District,40,Alfred S. Faust Middle School,06-08,100 Uhland Street,East Rutherford NJ 07073,201-804-3100,238,12.6,72.1,42.7
3,Bergen,1230,East Rutherford School District,300,Lincoln School,04-05,258 Grove Street,East Rutherford NJ 07073,201-636-7340,152,11.8,66.4,49.0
3,Bergen,1230,East Rutherford School District,80,McKenzie School,PK-03,125 Carlton Avenue,East Rutherford NJ 07073,201-531-1235,373,13.9,42.0,46.6
3,Bergen,1270,Edgewater School District,50,Eleanor Van Gelder,03-06,251 Undercliff Ave,Edgewater NJ 07020-1112,201-945-4106,369,36.9,66.9,57.6
3,Bergen,1270,Edgewater School District,300,George Washington School,PK-02,801 Undercliff Ave,Edgewater NJ 07020,201-945-4106,325,46.9,,
3,Bergen,1345,Elmwood Park School District,70,Gantner Avenue School,KG-05,99 Roosevelt Ave,Elmwood Park NJ 07407-1152,201-796-8700,343,10.5,54.1,35.6
3,Bergen,1345,Elmwood Park School District,80,Gilbert Avenue School,PK-05,151 Gilbert Avenue,Elmwood Park NJ 07407,201-796-8700,445,6.3,40.9,43.7
3,Bergen,1345,Elmwood Park School District,60,Memorial Middle School,06-08,375 River Drive,Elmwood Park NJ 07407-1622,201-796-8700,581,6.7,49.4,15.3
3,Bergen,1345,Elmwood Park School District,50,Memorial Senior High School,09-12,375 River Dr,Elmwood Park NJ 07407-1622,201-796-8700,801,8.4,51.9,18.9
3,Bergen,1345,Elmwood Park School District,90,Sixteenth Avenue School,PK-05,73 Sixteenth Avenue,Elmwood Park NJ 07407-2925,201-796-8700,428,9.3,46.2,29.4
3,Bergen,1360,Emerson Public School District,50,Emerson Jr Sr High,07-12,131 Main Street,Emerson NJ 07630,201-262-4447,446,7.8,59.5,54.5
3,Bergen,1360,Emerson Public School District,70,Memorial School,PK-03,1 Haines Avenue,Emerson NJ 07630,201-599-7580,374,8.8,43.4,43.4
3,Bergen,1360,Emerson Public School District,60,Patrick M Villano School,04-06,175 Linwood Avenue,Emerson NJ 07630-1847,201-262-4049,240,8.3,63.2,65.0
3,Bergen,1380,Englewood Cliffs School District,40,North Cliff School,PK-02,700 Floyd St,Englewood Cliffs NJ 07632,201-568-4770,155,62.6,,
3,Bergen,1380,Englewood Cliffs School District,60,Upper School,03-08,143 Charlotte Pl,Englewood Cliffs NJ 07632,201-567-7292,271,59.8,87.5,82.3
3,Bergen,1370,Englewood Public School District,70,Donald A. Quarles Early Childhood Center,PK-KG,186 Davison Place,Englewood NJ 07631,201-862-6113,443,1.4,,
3,Bergen,1370,Englewood Public School District,86,Dr. John Grieco Elementary School,01-02,50 Durie Ave,Englewood NJ 07631,201-862-6164,360,0.8,,
3,Bergen,1370,Englewood Public School District,60,Dr. Leroy McCloud Elementary School,03-05,325 Tenafly Rd,Englewood NJ 07631-1742,201-862-6155,490,0.8,35.3,25.3
3,Bergen,1370,Englewood Public School District,40,Dwight Morrow High School/Academies@Englewood,09-12,274 Knickerbocker Rd,Englewood NJ 07631-1534,201-862-6039,1058,16.4,57.9,20.9
3,Bergen,1370,Englewood Public School District,76,Janis E. Dismus Middle School,06-08,325 Tryon Avenue,Englewood NJ 07631,201-862-6005,527,2.1,42.3,15.5
80,Bergen,6430,Englewood on the Palisades Charter School,930,Englewood on the Palisades Charter School,KG-08,65  West Demarest Avenue,Englewood NJ 07631,201-569-9765,313,7.3,49.5,30.4
3,Bergen,1450,Fair Lawn Public School District,50,Fair Lawn High School,09-12,14  00 Berdan Avenue,Fair Lawn NJ 07410,201-794-5450,1648,14.2,74.8,60.2
3,Bergen,1450,Fair Lawn Public School District,80,Henry B. Milnes Elementary School,KG-04,8-01 Phillip St,Fair Lawn NJ 07410,201-794-5550,392,23.2,72.3,76.3
3,Bergen,1450,Fair Lawn Public School District,85,John A. Forrest Elementary School,KG-04,10 - 00 Hopper Ave,Fair Lawn NJ 07410-1815,201-794-5565,268,16.4,56.4,56.4
3,Bergen,1450,Fair Lawn Public School District,100,Lyncrest Elementary School,KG-04,9-04 Morlot Ave,Fair Lawn NJ 07410,201-794-5555,198,13.6,72.3,76.2
3,Bergen,1450,Fair Lawn Public School District,70,Memorial Middle School,05-08,12 - 00 First Street,Fair Lawn NJ 07410,201-794-5470,648,17.6,70.5,57.0
3,Bergen,1450,Fair Lawn Public School District,110,Radburn Elementary School,KG-04,18-00 Radburn Rd,Fair Lawn NJ 07410,201-794-5480,429,17.0,86.9,87.6
3,Bergen,1450,Fair Lawn Public School District,60,Thomas Jefferson Middle School,05-08,35 - 01 Morlot Avenue,Fair Lawn NJ 07410-4919,201-703-2240,1145,18.7,78.6,66.6
3,Bergen,1450,Fair Lawn Public School District,140,Warren Point Elementary School,KG-04,30-07 Broadway,Fair Lawn NJ 07410-3918,201-794-5571,404,18.6,76.6,75.8
3,Bergen,1450,Fair Lawn Public School District,160,Westmoreland Elementary School,PK-04,16-50 Parmelee Ave.,Fair Lawn NJ 07410,201-794-5490,421,15.5,71.4,67.4
3,Bergen,1470,Fairview Public School District,60,Lincoln School,04-08,140 Anderson  Avenue,Fairview NJ 07022,201-943-0560,641,0.6,18.0,15.1
3,Bergen,1470,Fairview Public School District,65,Lincoln School Annex,PK-KG,130 Hamilton Avenue,Fairview NJ 07022,201-943-0564,255,0.4,,
3,Bergen,1470,Fairview Public School District,80,Number Three School,PK-04,403 Cliff Street,Fairview NJ 07022,201-943-0563,668,0.0,17.1,17.7
3,Bergen,1550,Fort Lee School District,50,Fort Lee High School,09-12,3000 Lemoine Ave,Fort Lee NJ 07024,201-585-4675,1166,40.8,72.4,34.1
3,Bergen,1550,Fort Lee School District,100,Lewis F. Cole Middle School,05-08,467 Stillwell Avenue,Fort Lee NJ 07024-2140,201-585-4660,1206,45.4,74.1,66.4
3,Bergen,1550,Fort Lee School District,60,School No. 1,KG-04,250 Hoym Street,Fort Lee NJ 07024,201-585-4620,567,61.0,74.4,78.5
3,Bergen,1550,Fort Lee School District,70,School No. 2,PK-04,2047 Jones Road,Fort Lee NJ 07024,201-585-4630,385,49.4,66.1,70.9
3,Bergen,1550,Fort Lee School District,80,School No. 3,PK-04,2405 Second Street,Fort Lee NJ 07024,201-585-4640,355,53.2,67.8,68.0
3,Bergen,1550,Fort Lee School District,90,School No. 4,KG-04,1193 Anderson Ave,Fort Lee NJ 07024-1761,201-585-4650,396,37.6,63.6,60.6
3,Bergen,1580,Franklin Lakes School District,40,Colonial Road School,PK-05,749 Colonial Road,Franklin Lakes NJ 07417,201-337-0336,240,10.5,70.9,72.6
3,Bergen,1580,Franklin Lakes School District,15,Franklin Avenue Middle School,06-08,755 Franklin Avenue,Franklin Lakes NJ 07417,201-891-0202,379,8.7,71.3,59.3
3,Bergen,1580,Franklin Lakes School District,20,High Mountain Road School,PK-05,765 High Mountain Road,Franklin Lakes NJ 07417-2914,201-891-4433,298,7.0,73.0,77.9
3,Bergen,1580,Franklin Lakes School District,30,Woodside Avenue School,KG-05,305 Woodside Avenue,Franklin Lakes NJ 07417-2030,201-891-5600,282,5.5,70.7,71.4
3,Bergen,1700,Garfield Public School District,80,Abraham Lincoln School #6,PK-05,111 Palisade Ave,Garfield NJ 07026,973-340-5036,378,1.3,37.2,21.1
3,Bergen,1700,Garfield Public School District,60,Christopher Columbus School #8,PK-05,147 Cedar Street,Garfield NJ 07026,973-340-5038,394,0.8,53.7,40.4
3,Bergen,1700,Garfield Public School District,40,Garfield Early Childhood Learning Center,PK-PK,241 Ray Street,Garfield NJ 07026,973-253-6615,219,3.2,,
3,Bergen,1700,Garfield Public School District,50,Garfield High School,09-12,500 Palisade Ave,Garfield NJ 07026-2637,973-340-5010,1256,1.1,43.9,11.3
3,Bergen,1700,Garfield Public School District,70,Garfield Middle School,06-08,175 Lanza Ave,Garfield NJ 07026,973-272-7020,946,0.4,44.0,24.5
3,Bergen,1700,Garfield Public School District,302,Garfield Public Preschool 3 at Headstart,PK-PK,541 Midland Ave,Garfield NJ 07026,973-772-0016,100,2.0,,
3,Bergen,1700,Garfield Public School District,86,Garfield Public Preschool Annex,PK-PK,464 Outwater Lane,Garfield NJ 07026,973-272-7470,137,3.6,,
3,Bergen,1700,Garfield Public School District,205,James Madison School #10,PK-05,55 Lincoln Place,Garfield NJ 07026,862-306-7190,288,2.1,74.6,66.9
3,Bergen,1700,Garfield Public School District,100,Roosevelt School #7,PK-05,225 Lincoln Pl,Garfield NJ 07026,973-340-5037,308,1.0,71.1,48.1
3,Bergen,1700,Garfield Public School District,300,Thomas Jefferson School #9,KG-05,62 Alpine Street,Garfield NJ 07026,973-340-5039,357,1.1,68.4,52.3
3,Bergen,1700,Garfield Public School District,120,Washington Irving School #4,PK-05,12 Madonna Place,Garfield NJ 07026,973-340-5034,413,1.2,59.1,59.9
3,Bergen,1760,Glen Rock Public School District,65,Alexander Hamilton School,KG-05,380 Harristown Road,Glen Rock NJ 07452,201-445-7700,309,33.3,86.4,91.0
3,Bergen,1760,Glen Rock Public School District,80,Central School,PK-05,600 S Maple Ave,Glen Rock NJ 07452-1821,201-445-7700,319,13.2,69.3,77.9
3,Bergen,1760,Glen Rock Public School District,90,Clara E Coleman School,PK-05,100 Pinelynn Rd,Glen Rock NJ 07452-3025,201-445-7700,342,23.7,74.9,79.5
3,Bergen,1760,Glen Rock Public School District,50,Glen Rock High School,09-12,400 Hamilton Avenue,Glen Rock NJ 07452-2328,201-445-7700,736,17.1,88.6,69.0
3,Bergen,1760,Glen Rock Public School District,60,Glen Rock Middle School,06-08,600 Harristown Road,Glen Rock NJ 07452,201-445-7700,615,24.4,76.9,69.3
3,Bergen,1760,Glen Rock Public School District,70,Richard E Byrd School,KG-05,640 Doremus Ave,Glen Rock NJ 07452-2033,201-445-7700,256,16.0,80.7,84.8
3,Bergen,1860,Hackensack School District,100,Fairmount,PK-04,105 Grand Avenue,Hackensack NJ 07601,201-646-7890,570,2.2,28.5,28.4
3,Bergen,1860,Hackensack School District,110,Fanny Meyer Hillers,PK-04,56 Longview Avenue,Hackensack NJ 07601,201-646-7870,504,9.8,40.1,39.2
3,Bergen,1860,Hackensack School District,50,Hackensack High School,09-12,First & Beech Streets,Hackensack NJ 07601,201-646-7900,1735,3.0,49.9,19.1
3,Bergen,1860,Hackensack School District,300,Hackensack Middle School,05-08,360 Union Street,Hackensack NJ 07601,201-646-7842,1430,3.7,35.1,17.4
3,Bergen,1860,Hackensack School District,120,Jackson Avenue,PK-04,421 Jackson Ave,Hackensack NJ 07601,201-646-7990,453,1.9,34.3,41.0
3,Bergen,1860,Hackensack School District,90,Nellie K. Parker,PK-04,261 Maple Hill Dr,Hackensack NJ 07601,201-646-8020,614,7.9,39.8,40.1
3,Bergen,2050,Harrington Park School District,50,Harrington Park School,PK-08,191 Harriot Ave,Harrington Park NJ 07640-1401,201-768-5700,627,31.7,71.1,73.5
3,Bergen,2080,Hasbrouck Heights School District,60,Euclid Elementary School,PK-05,1 Burton Avenue,Hasbrouck Heights NJ 07604,201-288-6150,369,12.7,78.7,63.2
3,Bergen,2080,Hasbrouck Heights School District,50,Hasbrouck Heights High School,09-12,365 Boulevard,Hasbrouck Heights NJ 07604-1402,201-288-6150,514,13.0,71.4,46.8
3,Bergen,2080,Hasbrouck Heights School District,55,Hasbrouck Heights Middle School,06-08,365 Boulevard,Hasbrouck Heights NJ 07604-1402,201-393-8170,398,9.8,63.0,50.8
3,Bergen,2080,Hasbrouck Heights School District,80,Lincoln Elementary School,PK-05,Burton & Paterson Aves,Hasbrouck Heights NJ 07604,201-288-6150,387,16.3,62.0,49.3
3,Bergen,2090,Haworth Public School District,50,Haworth Public School,PK-08,205 Valley Rd,Haworth NJ 07641-1218,201-384-5526,454,19.6,84.2,77.5
3,Bergen,2180,Hillsdale School District,10,Ann Blanche Smith,KG-04,1000 Hillsdale Ave,Hillsdale NJ 07642,201-664-1188,303,5.6,72.1,54.8
3,Bergen,2180,Hillsdale School District,20,George G White,05-08,120 Magnolia Ave,Hillsdale NJ 07642-2131,201-664-0286,491,11.6,73.6,67.8
3,Bergen,2180,Hillsdale School District,30,Meadowbrook,PK-04,50 Piermont Ave,Hillsdale NJ 07642,201-664-8088,344,6.7,90.0,74.6
3,Bergen,2200,Ho-Ho-Kus School District,50,Ho-Ho-Kus Public School,PK-08,70 Lloyd Road,Ho  Ho  Kus NJ 07423,201-652-4555,561,11.9,79.5,84.1
3,Bergen,2620,Leonia Public School District,60,Anna C. Scott Elementary School,PK-04,281 Broad Avenue,Leonia NJ 07605,201-302-5200,574,49.2,62.4,67.0
3,Bergen,2620,Leonia Public School District,50,Leonia High School,09-12,100 Christie Heights Street,Leonia NJ 07605-1525,201-302-5200,817,37.0,66.3,41.3
3,Bergen,2620,Leonia Public School District,55,Leonia Middle School,05-08,500 Broad Avenue,Leonia NJ 07605,201-302-5200,677,44.0,73.3,61.6
3,Bergen,2710,Little Ferry Public School District,30,Memorial Middle  School,05-08,130 Liberty St,Little Ferry NJ 07643-1756,201-641-6186,344,18.3,52.1,35.0
3,Bergen,2710,Little Ferry Public School District,50,Washington Elementary School,PK-04,130 A Liberty St,Little Ferry NJ 07643-1710,201-641-6760,490,17.3,49.4,47.1
3,Bergen,2740,Lodi School District,60,Columbus School,PK-05,370 Westervelt Place,Lodi NJ 07644,973-478-0514,255,6.5,66.4,52.7
3,Bergen,2740,Lodi School District,65,Hilltop School,PK-05,200 Kipp Avenue,Lodi NJ 07644,973-778-1213,326,7.0,63.6,49.0
3,Bergen,2740,Lodi School District,50,Lodi High School,09-12,99 Putnam Street,Lodi NJ 07644,973-478-6100,914,5.0,64.7,32.8
3,Bergen,2740,Lodi School District,80,Roosevelt School,PK-05,435 Passaic Avenue,Lodi NJ 07644,973-777-8511,158,0.0,70.3,56.0
3,Bergen,2740,Lodi School District,67,Thomas Jefferson Middle School,06-08,75 First Street,Lodi NJ 07644,973-478-8662,721,8.3,77.2,37.4
3,Bergen,2740,Lodi School District,90,Washington School,PK-05,310 N  Main Street,Lodi NJ 07644,973-777-8513,362,8.5,65.1,35.9
3,Bergen,2740,Lodi School District,100,Wilson School,PK-05,80 Union Street,Lodi NJ 07644,973-473-8189,355,5.0,77.2,52.8
3,Bergen,2860,Lyndhurst Public School District,60,Columbus School,KG-02,640 Lake Ave,Lyndhurst NJ 07071-1207,201-896-2075,114,7.0,,
3,Bergen,2860,Lyndhurst Public School District,301,Community,PK-PK,862 Valley Brook Avenue,Lyndhurst NJ 07071-2252,201-507-0938,52,7.7,,
3,Bergen,2860,Lyndhurst Public School District,70,Franklin School,KG-02,360 Stuyvesant Ave,Lyndhurst NJ 07071-2122,201-896-2077,195,6.2,,
3,Bergen,2860,Lyndhurst Public School District,80,Jefferson School,03-05,336 Lake Ave.,Lyndhurst NJ 07071-1416,201-896-2065,244,6.1,56.9,45.8
3,Bergen,2860,Lyndhurst Public School District,50,Lyndhurst High School,09-12,400 Weart Avenue,Lyndhurst NJ 07071,201-896-2100,826,2.6,73.9,35.4
3,Bergen,2860,Lyndhurst Public School District,302,Lyndhurst Middle School,06-08,625 Page Avenue,Lyndhurst NJ 07071,201-438-5683,622,2.9,57.1,32.6
3,Bergen,2860,Lyndhurst Public School District,300,Memorial School,KG-02,319 New York Avenue,Lyndhurst NJ 07071,201-438-6390,105,1.0,,
3,Bergen,2860,Lyndhurst Public School District,110,Roosevelt School,03-05,530 Stuyvesant Ave,Lyndhurst NJ 07071-2628,201-896-2068,297,2.0,53.6,38.1
3,Bergen,2860,Lyndhurst Public School District,120,Washington School,PK-02,709 Ridge Rd,Lyndhurst NJ 07071-3215,201-896-2072,172,4.1,,
3,Bergen,2900,Mahwah Township Public School District,60,Betsy Ross Elementary,KG-03,20 Malcolm Rd,Mahwah NJ 07430-1822,201-762-2250,249,14.9,77.3,76.1
3,Bergen,2900,Mahwah Township Public School District,80,George Washington School,KG-03,39 Fardale Avenue,Mahwah NJ 07430,201-762-2242,183,19.7,69.4,81.6
3,Bergen,2900,Mahwah Township Public School District,75,Joyce Kilmer School,04-05,80 Ridge Road,Mahwah NJ 07430,201-762-2270,405,17.8,76.6,65.9
3,Bergen,2900,Mahwah Township Public School District,65,Lenape Meadows,PK-03,160 Ridge Road,Mahwah NJ 07430,201-762-2260,440,18.6,50.0,65.7
3,Bergen,2900,Mahwah Township Public School District,50,Mahwah High School,09-12,50 Ridge Road,Mahwah NJ 07430,201-762-2300,871,12.7,73.7,51.8
3,Bergen,2900,Mahwah Township Public School District,76,Ramapo Ridge,06-08,150 Ridge Road,Mahwah NJ 07430,201-762-2380,634,17.4,71.2,55.8
3,Bergen,3060,Maywood School District,60,Maywood Avenue School,PK-08,452 Maywood Ave,Maywood NJ 07607-1969,201-845-9114,545,15.6,70.3,60.8
3,Bergen,3060,Maywood School District,70,Memorial School,PK-03,764 Grant Ave,Maywood NJ 07607-1621,201-845-9113,441,17.5,64.8,74.3
3,Bergen,3170,Midland Park School District,300,Godwin Elementary School,PK-02,41 E. Center Street,Midland Park NJ 07432,201-445-5350,245,2.9,,
3,Bergen,3170,Midland Park School District,70,Highland Elementary School,03-06,31 Highland Ave,Midland Park NJ 07432-1803,201-445-3880,287,2.8,77.3,58.2
3,Bergen,3170,Midland Park School District,50,Midland Park Jr./Sr. High School,07-12,250 Prospect St,Midland Park NJ 07432,201-444-7400,353,1.4,82.5,51.3
3,Bergen,3330,Montvale Board of Education School District,20,Fieldstone Middle School,05-08,47 Spring Valley Road,Montvale NJ 07645,201-391-9000,455,20.0,80.5,59.8
3,Bergen,3330,Montvale Board of Education School District,30,Memorial Elementary School,PK-04,53 Grand Avenue West,Montvale NJ 07645,201-391-2900,538,21.7,68.1,76.6
3,Bergen,3350,Moonachie School District,60,Robert L. Craig School,PK-08,20 West Park Street,Moonachie NJ 07074-1115,201-641-5833,367,11.4,74.5,55.3
3,Bergen,3550,New Milford Public School District,60,Berkley Street School,KG-05,812 Berkley Street,New Milford NJ 07646,201-262-0191,418,20.8,72.2,62.2
3,Bergen,3550,New Milford Public School District,70,Bertrand F. Gibbs Elementary School,PK-05,195 Sutton Place,New Milford NJ 07646,201-261-0939,506,15.2,72.0,61.0
3,Bergen,3550,New Milford Public School District,85,David E. Owens Middle School,PK-08,470 Marion Avenue,New Milford NJ 07646,201-265-8661,519,17.1,70.2,48.6
3,Bergen,3550,New Milford Public School District,50,New Milford High School,09-12,330 River Road,New Milford NJ 07646,201-262-0172,578,12.8,68.3,54.5
3,Bergen,3600,North Arlington School District,70,Franklin D Roosevelt Elementary School,PK-05,50 Webster Street,North Arlington NJ 07031,201-991-6800,160,5.6,60.6,45.7
3,Bergen,3600,North Arlington School District,80,George Washington Elementary School,PK-05,175 Albert Street,North Arlington NJ 07031,201-991-6800,331,1.8,50.8,41.0
3,Bergen,3600,North Arlington School District,50,North Arlington High School,PK-12,222 Ridge Road,North Arlington NJ 07031,201-991-6800,636,3.1,61.5,37.3
3,Bergen,3600,North Arlington School District,300,Susan B. Anthony Elementary School,PK-05,45 Beech Street,North Arlington NJ 07031,201-991-6800,310,9.0,65.7,44.6
3,Bergen,3600,North Arlington School District,60,Thomas Jefferson Elementary School,KG-05,100 Prospect Avenue,North Arlington NJ 07031,201-991-6800,169,3.0,74.3,58.1
3,Bergen,3600,North Arlington School District,90,Veterans Middle School,06-08,191 Rutherford Place,North Arlington NJ 07031,201-991-6800,458,2.4,59.0,34.0
3,Bergen,3700,Northern Highlands Regional High School District,50,Northern Highlands Regional High School,09-12,298 Hillside Ave,Allendale NJ 07401-1447,201-327-8700,1262,16.0,89.7,74.9
3,Bergen,3710,Northern Valley Regional High School District,300,Northern Valley Central,PK-12,200 Summit Street,Norwood NJ 07648,201-767-7224,217,21.7,,
3,Bergen,3710,Northern Valley Regional High School District,50,Northern Valley Regional High School at Demarest,09-12,150 Knickerbocker Road,Demarest NJ 07627-1026,201-768-3200,1024,29.9,86.3,76.0
3,Bergen,3710,Northern Valley Regional High School District,60,Northern Valley Regional High School at Old Tappan,09-12,140 Central Avenue,Old Tappan NJ 07675,201-784-1600,1075,33.5,80.2,60.1
3,Bergen,3730,Northvale Public School District,50,Northvale Public School,KG-08,441 Tappan Road,Northvale NJ 07647,201-768-8484,540,39.3,64.5,57.6
3,Bergen,3740,Norwood Public School District,20,Norwood Public School,PK-08,177 Summit St,Norwood NJ 07648-1812,201-768-6363,592,39.9,77.8,62.7
3,Bergen,3760,Oakland Public School District,40,Dogwood Hill Elementary School,KG-05,25 Dogwood Dr,Oakland NJ 07436-2659,201-337-5822,241,2.5,71.9,59.6
3,Bergen,3760,Oakland Public School District,50,Heights Elementary School,PK-05,114 Seminole Ave,Oakland NJ 07436-2924,201-337-4147,394,5.1,62.8,50.0
3,Bergen,3760,Oakland Public School District,60,Manito Elementary School,KG-05,111 Manito Ave,Oakland NJ 07436-4012,201-337-6106,260,6.2,80.3,72.7
3,Bergen,3760,Oakland Public School District,80,Valley Middle School,06-08,71 Oak St,Oakland NJ 07436-1944,201-337-8185,443,4.7,79.1,56.6
3,Bergen,3850,Old Tappan Public School District,30,Charles DeWolf Middle School,05-08,275 Old Tappan Rd,Old Tappan NJ 07675-7047,201-664-1475,362,45.9,87.6,74.4
3,Bergen,3850,Old Tappan Public School District,60,T. Baldwin Demarest Elementary School,PK-04,1 School St,Old Tappan NJ 07675,201-664-7176,406,38.9,74.2,73.9
3,Bergen,3870,Oradell Public School District,50,Oradell Public School,PK-06,350 Propect Avenue,Oradell NJ 07649,201-261-1180,783,27.5,82.3,72.7
3,Bergen,3910,Palisades Park School District,80,Charles R Smith Early Chilhood Center,PK-KG,270 First Street,Palisades Park NJ 07650,201-947-2761,265,21.5,,
3,Bergen,3910,Palisades Park School District,70,Lindbergh Elementary School,01-06,401 Glen Ave,Palisades Park NJ 07650,201-947-3556,774,19.8,37.4,33.7
3,Bergen,3910,Palisades Park School District,50,Palisades Park Jr-Sr High School,07-12,Veterans Plaza,Palisades Park NJ 07650,201-941-1100,744,23.9,34.3,21.4
3,Bergen,3930,Paramus Public School District,65,East Brook Middle School,05-08,190 Spring Valley Road,Paramus NJ 07652-5342,201-261-7800,594,31.8,75.3,62.0
3,Bergen,3930,Paramus Public School District,80,Memorial Elementary School,PK-04,East 203 Midland Avenue,Paramus NJ 07652,201-261-7800,297,30.1,70.2,76.5
3,Bergen,3930,Paramus Public School District,90,Midland Elementary School,KG-04,241 West Midland Avenue,Paramus NJ 07652,201-261-7800,193,27.6,72.6,70.3
3,Bergen,3930,Paramus Public School District,50,Paramus High School,PK-12,99 East Century Road,Paramus NJ 07652,201-261-7800,1143,26.4,67.6,43.3
3,Bergen,3930,Paramus Public School District,100,Parkway Elementary School,PK-04,145 E. Ridgewood Avenue,Paramus NJ 07652,201-261-7800,303,26.8,72.8,66.7
3,Bergen,3930,Paramus Public School District,110,Ridge Ranch Elementary School,KG-04,345 Lockwood Drive,Paramus NJ 07652,201-261-7800,347,38.9,77.9,63.9
3,Bergen,3930,Paramus Public School District,130,Stony Lane Elementary School,KG-04,W 110 Ridgewood Avenue,Paramus NJ 07652-4131,201-261-7800,206,28.2,69.3,54.5
3,Bergen,3930,Paramus Public School District,60,West Brook Middle School,05-08,560 Roosevelt Boulevard,Paramus NJ 07652,201-261-7800,519,32.0,67.2,55.7
3,Bergen,3940,Park Ridge School District,60,East Brook Elementary School,KG-06,167 Sibbald Dr,Park Ridge NJ 07656,201-573-6000,317,9.5,68.8,69.3
3,Bergen,3940,Park Ridge School District,50,Park Ridge High School,07-12,2 Park Ave,Park Ridge NJ 07656-1240,201-573-6000,521,4.8,77.3,57.6
3,Bergen,3940,Park Ridge School District,70,West Ridge Elementary School,PK-06,18 South  First Street,Park Ridge NJ 07656,201-573-6000,337,7.1,74.6,76.3
3,Bergen,3960,Pascack Valley Regional High School District,40,Pascack Hills High School,09-12,225 West Grand Avenue,Montvale NJ 07645,201-358-7020,766,14.8,76.1,86.1
3,Bergen,3960,Pascack Valley Regional High School District,50,Pascack Valley High School,09-12,200 Piermont Avenue,Hillsdale NJ 07642,201-358-7060,948,8.4,82.1,84.6
3,Bergen,4300,Ramapo Indian Hills Regional High School District,30,Indian Hills High School,09-12,97 Yawpo Ave,Oakland NJ 07436-2740,201-337-0100,686,3.9,79.5,57.4
3,Bergen,4300,Ramapo Indian Hills Regional High School District,50,Ramapo High School,09-12,331 George Street,Franklin Lakes NJ 07417,201-891-1500,1187,5.3,80.6,51.4
3,Bergen,4310,Ramsey School District,55,Eric S. Smith Middle School,06-08,2 Monroe Street,Ramsey NJ 07446-1411,201-785-2313,628,10.0,69.6,61.7
3,Bergen,4310,Ramsey School District,60,John Y Dater Elementary School,04-05,35 School Street,Ramsey NJ 07446-1833,201-785-2325,320,6.9,77.2,68.4
3,Bergen,4310,Ramsey School District,70,Mary A. Hubbard Elementary School,PK-03,10 Hubbard Lane,Ramsey NJ 07446-2202,201-785-2301,352,3.4,54.3,65.4
3,Bergen,4310,Ramsey School District,50,Ramsey High School,09-12,256 E  Main Street,Ramsey NJ 07446-1927,201-785-2300,764,8.6,83.2,67.4
3,Bergen,4310,Ramsey School District,80,Wesley D Tisdale Elementary School,PK-03,200 Island Avenue,Ramsey NJ 07446-1566,201-785-2336,319,9.4,66.7,74.4
3,Bergen,4380,Ridgefield Park Public School District,60,Grant Elementary School,PK-06,104 Henry St,Ridgefield Park NJ 07660-2209,201-641-0441,202,12.3,54.0,54.4
3,Bergen,4380,Ridgefield Park Public School District,70,Lincoln Elementary School,PK-06,712 Lincoln Avenue,Ridgefield Park NJ 07660,201-994-1830,353,4.5,54.3,48.1
3,Bergen,4380,Ridgefield Park Public School District,50,Ridgefield Park Jr Sr High School,07-12,1 Ozzie Nelson Drive,Ridgefield Park NJ 07660,201-440-1440,1160,8.0,43.0,25.6
3,Bergen,4380,Ridgefield Park Public School District,80,Roosevelt  Elementary School,PK-06,508 Teaneck Road,Ridgefield Park NJ 07660,201-440-0808,348,6.8,61.4,41.3
3,Bergen,4370,Ridgefield School District,65,Bergen Boulevard School,01-02,635 Bergen Blvd,Ridgefield NJ 07657,201-943-1861,178,21.3,,
3,Bergen,4370,Ridgefield School District,50,Ridgefield Memorial High School,09-12,555 Walnut St,Ridgefield NJ 07657,201-945-4455,535,17.2,74.5,39.8
3,Bergen,4370,Ridgefield School District,90,Shaler Academy,PK-03,455 Shaler Boulevard,Ridgefield NJ 07657,201-313-2476,191,16.2,,
3,Bergen,4370,Ridgefield School District,100,Slocum Skewes School,03-09,650 Prospect Ave,Ridgefield NJ 07657,201-943-4299,693,21.2,55.7,40.9
3,Bergen,4390,Ridgewood Public School District,60,Benjamin Franklin Middle School,06-08,335 North Van Dien Ave,Ridgewood NJ 07451,201-670-2780,639,25.7,79.8,56.0
3,Bergen,4390,Ridgewood Public School District,70,George Washington Middle School,06-08,155 Washington Pl,Ridgewood NJ 07451,201-670-2790,650,17.5,83.9,66.1
3,Bergen,4390,Ridgewood Public School District,80,Glen School,PK-PK,865 East Glen Avenue,Ridgewood NJ 07451,201-251-3140,118,20.5,,
3,Bergen,4390,Ridgewood Public School District,85,Hawes Elementary School,KG-05,531 Stevens Avenue,Ridgewood NJ 07451,201-670-2720,378,38.6,79.3,71.4
3,Bergen,4390,Ridgewood Public School District,120,Orchard Elementary School,KG-05,230 Demarest St,Ridgewood NJ 07451,201-670-2730,359,16.7,87.2,88.0
3,Bergen,4390,Ridgewood Public School District,90,Ridge Elementary School,KG-05,325 West Ridgewood Ave,Ridgewood NJ 07450-3624,201-670-2740,439,9.8,82.4,80.0
3,Bergen,4390,Ridgewood Public School District,50,Ridgewood High School,09-12,627 East Ridgewood Ave,Ridgewood NJ 07451,201-670-2800,1735,19.0,83.9,62.6
3,Bergen,4390,Ridgewood Public School District,100,Somerville Elementary School,KG-05,45 South Pleasant Ave,Ridgewood NJ 07451,201-670-2750,385,21.0,87.4,81.3
3,Bergen,4390,Ridgewood Public School District,110,Travell Elementary School,KG-05,340 Bogert Ave,Ridgewood NJ 07451,201-670-2760,328,24.1,82.1,82.7
3,Bergen,4390,Ridgewood Public School District,130,Willard Elementary School,KG-05,601 Morningside Rd,Ridgewood NJ 07451,201-670-2770,470,15.7,82.3,80.6
3,Bergen,4405,River Dell Regional School District,60,River Dell Middle School,07-08,230 Woodland Avenue,River Edge NJ 07661,201-599-7246,569,30.6,79.0,72.3
3,Bergen,4405,River Dell Regional School District,50,River Dell Regional High School,09-12,55 Pyle Street,Oradell NJ 07649,201-599-7240,998,29.0,84.2,76.3
3,Bergen,4410,River Edge School District,30,Cherry Hill School,PK-06,410 Bogert Rd,River Edge NJ 07661-1813,201-261-3405,724,38.9,79.6,76.3
3,Bergen,4410,River Edge School District,50,Roosevelt School,KG-06,711 Summit Ave,River Edge NJ 07661-2201,201-261-1546,491,29.7,79.6,76.3
3,Bergen,4430,River Vale Public School District,50,Holdrum Middle School,06-08,393 Rivervale Road,River Vale NJ 07675,201-358-4016,346,12.4,79.5,64.7
3,Bergen,4430,River Vale Public School District,60,Roberge Elementary School,PK-05,617 Westwood Ave,River Vale NJ 07675-6241,201-358-4006,327,10.7,83.4,71.0
3,Bergen,4430,River Vale Public School District,70,Woodside Elementary School,KG-05,801 Rivervale Rd,River Vale NJ 07675-6148,201-358-4028,317,10.4,78.8,70.6
3,Bergen,4470,Rochelle Park School District,50,Midland School #1,PK-08,300 Rochelle Ave,Rochelle Park NJ 07662-3915,201-843-3120,480,7.5,56.1,49.6
3,Bergen,4600,Rutherford School District,70,Lincoln School,PK-03,414 Montross Avenue,Rutherford NJ 07070-2218,201-438-7675,495,11.0,83.5,76.9
3,Bergen,4600,Rutherford School District,80,Pierrepont School,04-06,70 E Pierrepont Ave,Rutherford NJ 07070-2333,201-438-7675,569,14.8,72.8,66.1
3,Bergen,4600,Rutherford School District,50,Rutherford High School,09-12,56 Elliott Pl,Rutherford NJ 07070-1965,201-438-7675,726,14.3,87.1,42.0
3,Bergen,4600,Rutherford School District,100,Union School,07-08,359 Union Ave,Rutherford NJ 07070-1519,201-438-7675,383,16.2,76.3,61.2
3,Bergen,4600,Rutherford School District,110,Washington School,PK-03,89 Wood St,Rutherford NJ 07070-1571,201-438-7675,323,18.5,51.6,66.3
3,Bergen,4610,Saddle Brook School District,80,Franklin School,KG-06,95 Caldwell Avenue,Saddle Brook NJ 07663,201-843-1142,319,8.2,37.7,29.1
3,Bergen,4610,Saddle Brook School District,85,Helen I. Smith School,KG-06,30 Cambridge Avenue,Saddle Brook NJ 07663,201-843-1142,346,4.9,40.3,46.8
3,Bergen,4610,Saddle Brook School District,50,Saddle Brook Middle/High School,07-12,355 Mayhill Street,Saddle Brook NJ 07663,201-843-2880,795,5.9,60.5,33.0
3,Bergen,4610,Saddle Brook School District,90,Salome H. Long Memorial School,KG-06,260 Floral Lane,Saddle Brook NJ 07663,201-843-1142,312,9.3,60.6,49.4
3,Bergen,4610,Saddle Brook School District,100,Washington School,PK-PK,225 Market Street,Saddle Brook NJ 07663,201-843-6740,61,6.6,,
3,Bergen,4620,Saddle River School District,50,Wandell School,PK-05,97 E Allendale Rd,Saddle River NJ 07458-3023,201-327-0727,118,24.6,78.2,70.9
3,Bergen,4845,South  Bergen Jointure Commission School District,50,Lodi MS HS,06-12,123 Union St,Lodi NJ 07644,973-249-0995,90,4.4,,
3,Bergen,4845,South  Bergen Jointure Commission School District,60,Maywood Campus,PK-06,404 Maywood Avenue,Maywood NJ 07607,201-845-8818,228,5.1,,
3,Bergen,4845,South  Bergen Jointure Commission School District,70,Moonachie Campus,KG-08,Robert L. Craig School,Moonachie NJ 07074,973-249-0995,36,2.8,,
3,Bergen,4870,South Hackensack School District,50,Memorial School,PK-08,Dyer Avenue,South Hackensack NJ 07606-1537,201-440-2782,242,2.9,74.4,42.2
80,Bergen,7890,Teaneck Community Charter School,920,Teaneck Community Charter school,KG-08,563 Chestnut Avenue,Teaneck NJ 07666,201-833-9600,369,8.9,59.9,42.7
3,Bergen,5150,Teaneck School District,60,Benjamin Franklin Middle School,05-08,1315 Taft Road,Teaneck NJ 07666,201-833-5451,484,9.7,45.8,32.6
3,Bergen,5150,Teaneck School District,130,James Russell Lowell Elementary School,KG-04,1025 Lincoln Place,Teaneck NJ 07666,201-833-5550,304,8.6,62.5,45.1
3,Bergen,5150,Teaneck School District,150,John Greenleaf Whittier Elementary School,KG-04,491 W Englewood Avenue,Teaneck NJ 07666,201-833-5535,376,6.9,55.0,34.7
3,Bergen,5150,Teaneck School District,110,Nathaniel Hawthorne Elementary School,KG-04,201 Fycke Lane,Teaneck NJ 07666,201-833-5540,327,15.0,58.3,49.2
3,Bergen,5150,Teaneck School District,50,Teaneck High School,09-12,100 Elizabeth Ave,Teaneck NJ 07666-4713,201-833-5400,1262,8.9,48.6,31.9
3,Bergen,5150,Teaneck School District,300,Theodora Smiley Lacey Elementary School,PK-KG,One Merrison Street,Teaneck NJ 07666,201-862-2508,134,8.9,,
3,Bergen,5150,Teaneck School District,70,Thomas Jefferson Middle School,05-08,655 Teaneck Rd,Teaneck NJ 07666-4249,201-833-5471,523,10.5,49.6,28.8
3,Bergen,5150,Teaneck School District,80,William Cullen Bryant School,PK-PK,1 Tryon Avenue,Teaneck NJ 07666,201-833-5546,289,8.0,,
3,Bergen,5160,Tenafly Public School District,70,J Spencer Smith School,KG-05,101 Downey Drive,Tenafly NJ 07670,201-816-7715,317,33.0,81.9,80.6
3,Bergen,5160,Tenafly Public School District,80,Malcolm S Mackay School,KG-05,111 Jefferson Avenue,Tenafly NJ 07670,201-816-7700,352,43.5,69.8,73.7
3,Bergen,5160,Tenafly Public School District,90,Ralph S Maugham School,KG-05,111 Magnolia Avenue,Tenafly NJ 07670,201-816-7705,360,30.5,68.5,77.0
3,Bergen,5160,Tenafly Public School District,50,Tenafly High School,09-12,19 Columbus Drive,Tenafly NJ 07670,201-816-6614,1158,34.0,88.1,72.0
3,Bergen,5160,Tenafly Public School District,95,Tenafly Middle School,06-08,10 Sunset Lane,Tenafly NJ 07670,201-816-4530,925,39.7,84.2,79.5
3,Bergen,5160,Tenafly Public School District,100,Walter Stillman School,PK-05,75 Tenafly Road,Tenafly NJ 07670,201-816-7710,327,40.9,79.9,79.2
3,Bergen,5330,Upper Saddle River School District,60,Edith A. Bogert Elementary School,03-05,391 W  Saddle River Rd,Upper Saddle River NJ 07458,201-961-6350,363,22.0,80.6,78.5
3,Bergen,5330,Upper Saddle River School District,50,Emil A. Cavallini Middle School,06-08,392 W  Saddle River Rd,Upper Saddle River NJ 07458,201-961-6400,386,16.1,79.2,79.0
3,Bergen,5330,Upper Saddle River School District,70,Robert D Reynolds Primary School,PK-02,391 W  Saddle River Rd,Upper Saddle River NJ 07458,201-961-6300,351,19.2,,
3,Bergen,5410,Waldwick School District,40,Crescent Elementary School,KG-05,165 Crescent Avenue,Waldwick NJ 07463,201-445-0690,339,5.6,62.7,68.5
3,Bergen,5410,Waldwick School District,50,Julia A Traphagen School,PK-05,153 Summit Avenue,Waldwick NJ 07463,201-445-0730,437,5.5,64.4,68.3
3,Bergen,5410,Waldwick School District,30,Waldwick High School,09-12,155 Wyckoff Avenue,Waldwick NJ 07463,201-652-9000,428,5.6,79.8,90.5
3,Bergen,5410,Waldwick School District,70,Waldwick Middle School,06-08,155 Wyckoff Avenue,Waldwick NJ 07463,201-652-9000,387,5.4,78.0,62.8
3,Bergen,5430,Wallington Boro School District,55,Frank W. Gavlak Elementary School,03-06,106 King St,Wallington NJ 07057,973-777-4420,352,2.6,56.3,47.9
3,Bergen,5430,Wallington Boro School District,60,Jefferson (Annex) Elementary School,PK-02,6 Bond Street,Wallington NJ 07057,973-836-4700,266,2.6,,
3,Bergen,5430,Wallington Boro School District,50,Wallington Junior Senior High School,07-12,234 Main Ave,Wallington NJ 07057-1523,973-777-0808,573,2.6,57.9,38.1
3,Bergen,5755,Westwood Regional School District,60,Berkeley Elementary,KG-05,47 Berkeley Ave,Westwood NJ 07675-2401,201-664-7760,281,8.9,87.4,77.9
3,Bergen,5755,Westwood Regional School District,70,Brookside Elementary School,KG-05,20 Lake Drive,Westwood NJ 07675-2935,201-664-9000,376,5.6,69.5,67.2
3,Bergen,5755,Westwood Regional School District,65,Jessie F. George Elementary,KG-05,1 Palm Street,Township Of Washington NJ 07676,201-664-3033,282,8.5,74.4,80.8
3,Bergen,5755,Westwood Regional School District,80,Washington Elementary School,KG-05,600 School Street,Township Of Washington NJ 07676,201-664-6440,320,9.7,63.2,67.5
3,Bergen,5755,Westwood Regional School District,50,Westwood Regional High School,PK-12,701 Ridgewood Road,Township Of Washington NJ 07676,201-664-0880,835,4.7,79.3,48.1
3,Bergen,5755,Westwood Regional School District,62,Westwood Regional Middle School,06-08,23 Third Avenue,Westwood NJ 07675-3331,201-664-5560,682,6.3,63.4,48.2
3,Bergen,5830,Wood-Ridge School District,60,Catherine E. Doyle Elementary School,PK-03,250 Wood  Ridge Ave,Wood  Ridge NJ 07075-1510,201-933-6777,493,22.5,72.9,75.3
3,Bergen,5830,Wood-Ridge School District,300,Wood-Ridge Intermediate School,04-06,151 First Street,Wood-Ridge NJ 07075,201-933-6777,242,9.1,71.9,57.6
3,Bergen,5830,Wood-Ridge School District,50,Wood-Ridge Jr/Sr High School,07-12,258 Hackensack St,Wood  Ridge NJ 07075-1207,201-933-6777,523,8.8,47.3,34.2
3,Bergen,5880,Woodcliff Lake School District,30,Dorchester Elementary School,PK-05,100 Dorchester Road,Woodcliff Lake NJ 07677,201-930-5600,516,13.8,84.8,73.3
3,Bergen,5880,Woodcliff Lake School District,50,Woodcliff Middle School,06-08,134 Woodcliff Ave,Woodcliff Lake NJ 07677-8245,201-930-5600,268,9.3,86.1,76.0
3,Bergen,5920,Wyckoff Township Public School District,10,Abraham Lincoln Elementary School,KG-05,325 Mason Ave,Wyckoff NJ 07481-2822,201-848-5720,345,3.4,66.5,63.1
3,Bergen,5920,Wyckoff Township Public School District,20,Calvin Coolidge Elementary School,KG-05,420 Grandview Ave,Wyckoff NJ 07481-2517,201-848-5710,314,9.2,85.2,73.6
3,Bergen,5920,Wyckoff Township Public School District,25,Dwight D. Eisenhower Middle School,06-08,344 Calvin Ct,Wyckoff NJ 07481-2227,201-848-5750,614,5.4,72.0,59.3
3,Bergen,5920,Wyckoff Township Public School District,30,George Washington Elementary School,KG-05,270 Woodland Ave,Wyckoff NJ 07481-1935,201-848-5740,384,3.6,73.7,54.7
3,Bergen,5920,Wyckoff Township Public School District,50,Sicomac Elementary School,PK-05,356 Sicomac Ave,Wyckoff NJ 07481-2129,201-848-5730,365,6.3,59.0,67.1
